entropy,uncompressed_size,uncompressed_height,uncompressed_width,mean_intensity_value,jpg_compressed_image_size,jpg_compression_ratio,npz_compressed_image_size,npz_compression_ratio,file_name
7.805938449156311,513471,343,499,109,14816,34.656519978401725,1423,360.83696416022485,sorted-test1
7.479309576682419,724548,499,484,91,18509,39.14571289642876,1626,445.6014760147601,sorted-test5
7.463116484805934,57240,120,159,127,2770,20.664259927797833,930,61.54838709677419,sorted-test2
7.7630075137049825,522000,500,348,133,13593,38.402118737585525,1410,370.21276595744683,sorted-test3
7.282276303439987,561375,499,375,79,13890,40.415766738660906,1462,383.9774281805746,sorted-test4
