entropy,uncompressed_size,uncompressed_height,uncompressed_width,mean_intensity_value,jpg_compressed_image_size,jpg_compression_ratio,npz_compressed_image_size,npz_compression_ratio,file_name
7.805938449156311,513471,343,499,109,50501,10.167541236807192,319489,1.607163313916911,test1
7.479309576682416,724548,499,484,91,61316,11.816622088851197,518258,1.3980449891752755,test5
7.463116484805937,57240,120,159,127,5013,11.418312387791742,31518,1.8161050828098229,test2
7.763007513704982,522000,500,348,133,46819,11.149319720626242,346131,1.5080995345692816,test3
7.282276303439993,561375,499,375,79,47143,11.907918460853148,345442,1.625091911232566,test4
