filename,npz_ratio,npz_ratio_s2,npz_sratio
test5,1.3190843170775945,1.31910168294556,1.0000131650931943
test4,1.4950092924427256,1.494986133706961,0.9999845093031317
test1,1.5796474996009253,1.5794878696919143,0.9998989458666878
test3,1.475198696447299,1.475138025776368,0.9999588728819534
test2,1.7152738117900883,1.7156228187067708,1.0002034700898967
