entropy,uncompressed_size,uncompressed_height,uncompressed_width,mean_intensity_value,jpg_compressed_image_size,jpg_compression_ratio,npz_compressed_image_size,npz_compression_ratio,file_name
7.80593844915631,513471,343,499,109,204273,2.513650849598332,504676,1.0174270224857136,rand-test1
7.479309576682418,724548,499,484,91,276294,2.6223805077200373,683563,1.0599578970775188,rand-test5
7.463116484805933,57240,120,159,127,19522,2.932076631492675,54049,1.059039020148384,rand-test2
7.763007513704979,522000,500,348,133,190289,2.74319587574689,510596,1.0223346833896074,rand-test3
7.282276303439991,561375,499,375,79,230254,2.4380683940344143,516407,1.0870786027300172,rand-test4
