filename,npz_ratio,npz_ratio_s2,npz_cratio
test5,1.3190245013101582,1.3191634282538813,1.0001053255216905
test4,1.4949600801292258,1.4949253420255788,0.9999767631897943
test1,1.579650629599141,1.5797069695670274,1.0000356660940277
test3,1.4751698056516174,1.4751322476172317,0.9999745398568748
test2,1.715432451297671,1.7158131861158703,1.000221946843731
